o_id,season,episode,name,show,status,amazon_url,hulu_url,netflix_url
ObjectID(5166378f7b1d395aa9000001),2,7,,ObjectID(51660f257b1d395aac000001),"active","","","http://movies.netflix.com/WiPlayer?movieid=70276483&trkid=3325854"
ObjectID(51701af27b1d397947000001),2,11,,ObjectID(51660f257b1d395aac000001),"active","","",""
ObjectID(51a77b977b1d393844000001),2,10,,ObjectID(51660f257b1d395aac000001),"active","","",""
ObjectID(51d46bde7b1d3942f4000001),2,8,,ObjectID(51660f257b1d395aac000001),"active","","",""
ObjectID(52012d857b1d3942f1000002),1,4,,ObjectID(52012d857b1d3942f1000001),"active","","",""
ObjectID(521bb3357b1d392b8a000002),1,1,,ObjectID(521bb3357b1d392b8a000001),"inactive","","",""
ObjectID(523f5bb502c82d5c29000001),5,1,,ObjectID(52012d857b1d3942f1000001),"active","","",""
ObjectID(523f993202c82d5c2c000009),4,1,,ObjectID(51660f257b1d395aac000001),"inactive",,,
ObjectID(5241fdf002c82d5c32000013),5,7,,ObjectID(52012d857b1d3942f1000001),"active","","",""
ObjectID(524e2a3a02c82d4ab000000c),5,5,,ObjectID(52012d857b1d3942f1000001),"active","","",""
ObjectID(5258ea4402c82d4abc000019),5,12,,ObjectID(52012d857b1d3942f1000001),"active","","",""
ObjectID(5259eac702c82d4aad00001e),5,13,,ObjectID(52012d857b1d3942f1000001),"inactive",,,
ObjectID(5259fb8f02c82d4aa700001a),5,10,,ObjectID(52012d857b1d3942f1000001),"inactive",,,
ObjectID(525a30dd02c82d4ab3000015),5,11,,ObjectID(52012d857b1d3942f1000001),"inactive",,,
ObjectID(525ad57202c82d4ab9000027),5,2,,ObjectID(52012d857b1d3942f1000001),"inactive",,,
ObjectID(525b403802c82d4ab9000032),5,6,,ObjectID(52012d857b1d3942f1000001),"inactive",,,
ObjectID(525bbebf02c82d4aa700003e),5,3,,ObjectID(52012d857b1d3942f1000001),"inactive",,,
ObjectID(525c1f9d02c82d7a9b000001),5,8,,ObjectID(52012d857b1d3942f1000001),"inactive",,,
ObjectID(525cb34b02c82d7a9e000006),5,4,,ObjectID(52012d857b1d3942f1000001),"inactive",,,
ObjectID(525ce02602c82d7aa100000a),5,9,,ObjectID(52012d857b1d3942f1000001),"inactive",,,
